<?xml version="1.0" encoding="UTF-8"?>
<!DOCTYPE suite SYSTEM "http://testng.org/testng-1.0.dtd">
<suite guice-stage="DEVELOPMENT" name="Suite">
  <test name="Test">
    <parameter name="platformVersion" value="7"/>
    <parameter name="automationName" value="PC"/>
    <parameter name="browserName" value="Chrome"/>
    <parameter name="language" value="English"/>
    <parameter name="platformName" value="Windows"/>
    <classes>
      <class name="com.Gatewaytr.Testcases.ExtentReport"/>
    </classes>
  </test> <!-- Test -->
</suite> <!-- Suite -->