<?xml version="1.0" encoding="UTF-8"?>
<!DOCTYPE suite SYSTEM "http://testng.org/testng-1.0.dtd">
<suite name="Suite" >
  <test name="Test">
  <parameters>

<parameter name="automationName" value="PC"/>

<parameter name="platformName" value="Windows"/>

<parameter name="platformVersion" value="7"/>

<parameter name="browserName" value="Chrome"/>

<parameter name="language" value="English"/>

</parameters>
    <classes>
      <class name="com.Gatewaytr.Testcases.BrunoFormsValidation"/>
      <methods>
        <exclude name="ArchitectAgreementEnglish" />
        <exclude name="BlueprintAgreementEnglish" />
        <exclude name="QuadrantAgreementEnglish" />
         <exclude name="ArchitectAgreementFrench" />
         <exclude name="BlueprintAgreementFrench" />
          <exclude name="QuadrantAgreementFrench" />
          <exclude name="ArchitectIPSEnglish" />
           <exclude name="BlueprintIPSEnglish" />
            <exclude name="QuadrantIPSEnglish" />
             <exclude name="ArchitectIPSFrench" />
              <exclude name="BlueprintIPSFrench" />
               <exclude name="QuadrantIPSFrench" />
               <include name="BlueprintMPSEnglish" />
               <exclude name="ArchitectMPSEnglish" />
               <exclude name="QuadrantMPSEnglish" />
          
             
        </methods>
     </classes>
  </test> <!-- Test -->
</suite> <!-- Suite -->
