<?xml version="1.0" encoding="UTF-8"?>
<!DOCTYPE suite SYSTEM "http://testng.org/testng-1.0.dtd">
<suite name="Suite" >
  <test name="Test">
  <parameters>

<parameter name="automationName" value="PC"/>

<parameter name="platformName" value="Windows"/>

<parameter name="platformVersion" value="7"/>

<parameter name="browserName" value="perfecto"/>

<parameter name="language" value="English"/>


</parameters>
    <classes>
      <class name="com.Gatewaytr.Testcases.ExtentReport"/>  
   <!-- <class name="com.Gatewaytr.Testcases.ExtentReport"/> -->
     </classes>
  </test> <!-- Test -->
</suite> <!-- Suite -->
