{
 
  "capabilities":
 
      [
        
        {
 
          "browserName": "Andriod",
          
          "version": "16.0.1196.80",
 
          "maxInstances": 5,
 
          "seleniumProtocol": "WebDriver",
          
          "platform" : "ANDRIOD"
 
        }
 
      ],
 
  "configuration":
 
  {
 
    "proxy": "org.openqa.grid.selenium.proxy.DefaultRemoteProxy",
 
    "maxSession": 5,
 
    "port": 5555,
 
    "host": 127.0.0.1,
 
    "register": true,
 
    "registerCycle": 5000,
 
    "hubPort": 4444,
 
    "hubHost": 127.0.0.1
 
  }
 
} 
