{
 
  "capabilities":
 
      [
        
        {
 
          "browserName": "firefox",
          
          "version": "26.0",
 
          "maxInstances": 5,
 
          "seleniumProtocol": "WebDriver",
          
          "platform" : "WINDOWS"
 
        },
 
        {
 
          "browserName": "chrome",
          
          "version": "31.0.1650.63",
 
          "maxInstances": 5,
 
          "seleniumProtocol": "WebDriver",
          
          "platform" : "WINDOWS"
 
        },
 
        {
 
          "browserName": "internet explorer",
          
          "version": "10.0.9200.16576",
 
          "maxInstances": 5,
 
          "seleniumProtocol": "WebDriver",
          
          "platform" : "WINDOWS"
 
        },

        {
 
          "browserName": "safari",
          
          "version": "5.1.7",
 
          "maxInstances": 5,
 
          "seleniumProtocol": "WebDriver",
          
          "platform" : "WINDOWS"
 
        },

        {
 
          "browserName": "opera",
          
          "version": "16.0.1196.80",
 
          "maxInstances": 5,
 
          "seleniumProtocol": "WebDriver",
          
          "platform" : "WINDOWS"
 
        }
 
      ],
 
  "configuration":
 
  {
 
    "proxy": "org.openqa.grid.selenium.proxy.DefaultRemoteProxy",
 
    "maxSession": 5,
 
    "port": 5555,
 
    "host": 127.0.0.1,
 
    "register": true,
 
    "registerCycle": 5000,
 
    "hubPort": 4444,
 
    "hubHost": 127.0.0.1
 
  }
 
} 
