<suite name="Parallel Tests" verbose="1" thread-count="4" parallel="tests">
<tests>
        
        <test name="Windows+chrome Test">
							<parameters>
													<parameter name="automationName" value="PC" />
                          <parameter name="platformName" value="Windows" />
                          <parameter name="platformVersion" value="7" />
                          <parameter name="browserName" value="Edge" />
                          <parameter name="browserVersion" value="" />
                          <parameter name="language" value="FRE" />
                          <parameter name="suiteType" value="Sanity" />
                          <parameter name="testEnvironment" value="QA" />
              </parameters>
              <classes>
                        <class name="com.automation.selenium.SeleniumDriver" />
              </classes>
        </test>
</tests>
</suite>        